{
  "Ok": "OK",
  "by": "By",
  "id": "ID",
  "no": "No",
  "or": "or",
  "all": "All",
  "and": "and",
  "faq": "FAQs",
  "yes": "Yes",
  "Item": "Item",
  "Oops": "Oops!",
  "area": "Area",
  "cart": "Cart",
  "city": "City",
  "date": "Date",
  "home": "Home",
  "name": "Name",
  "shop": "Shop",
  "unit": "Unit",
  "Paytm": "Paytm",
  "apply": "Apply",
  "brands": "Brands",
  "brand": "Brand",
  "countries": "Countries",
  "email": "Email",
  "login": "Login",
  "order": "Order",
  "price": "Price",
  "saved": "Saved",
  "share": "Share",
  "total": "Total",
  "NotNow": "Not Now",
  "Paypal": "Paypal",
  "action": "Action",
  "amount": "Amount",
  "cancel": "Cancel",
  "cancelled": "Cancelled",
  "coupon": "Coupon",
  "delete": "Remove",
  "filter": "Filter",
  "logout": "Logout",
  "mobile": "Mobile :",
  "remove": "Remove",
  "return": "Return",
  "search": "Search",
  "sortBy": "Sort By",
  "status": "Status",
  "stripe": "Stripe ",
  "update": "Update",
  "Invoice": "Invoice",
  "address": "Address",
  "applied": "Applied",
  "company": "Company",
  "confirm": "Confirm",
  "product": "Product",
  "profile": "My Profile",
  "see_all": "View All",
  "shop_by": "Shop by",
  "welcome": "Welcome!",
  "Settings": "Settings",
  "ShowFile": "Show File",
  "about_us": "About Us",
  "accepted": "Accpeted",
  "by_price": "By Price",
  "checkout": "Checkout",
  "clearAll": "Clear All",
  "discount": "Discount",
  "gridView": "Grid View",
  "listView": "List View",
  "no_order": "No Orders Found",
  "paystack": "Paystack",
  "products": "Products",
  "quantity": "Quantity",
  "razorpay": "Razorpay",
  "register": "Register",
  "userName": "User Name",
  "wishList": "Wishlist",
  "UpdateApp": "Update App",
  "follow_us": "Follow Us",
  "save_info": "Save Info",
  "sub_total": "Subtotal",
  "there_are": "There are",
  "viewSaved": "View Saved",
  "view_cart": "View Cart",
  "your_cart": "Your Cart",
  "GetInvoice": "Get Invoice",
  "TimeUpdate": "Time To Update!",
  "all_orders": "All Orders",
  "categories": "Categories",
  "contact_us": "Contact Us",
  "deliver_to": "Deliver to",
  "enter_area": "Enter Area",
  "enter_city": "Enter City",
  "go_to_home": "Home",
  "my_account": "My Account",
  "popularity": "Popularity",
  "store_info": "Store Info",
  "add_to_cart": "Add to Cart",
  "enter_state": "Enter State",
  "get_invoice": "Get Invoice",
  "have_coupon": "Have a Coupon ?",
  "high_to_low": "Price - High to Low",
  "low_to_high": "Price - Low to High",
  "new_address": "New Address",
  "offer_title": "One More Offer For You",
  "place_order": "Place Order",
  "promo_codes": "Promo Codes",
  "tap_to_copy": "Tap To Copy",
  "track_order": "Track order",
  "view_coupon": "View Coupons",
  "address_type": "Address Type",
  "edit_profile": "Edit Profile",
  "logout_title": "Logout!",
  "newest_first": "Newest First",
  "notification": "Notification",
  "offer_header": "Choose One Offer",
  "oldest_first": "Oldest First",
  "out_of_stock": "Out of stock",
  "prefered_day": "Prefered Delivery Day",
  "product_tags": "Product Tags",
  "profile_info": "Profile Dashboard",
  "profile_note": "Note: You have to Update Your Profile For Login Purposes",
  "transactions": "Transactions",
  "PaypalPayment": "Paypal Payment",
  "alt_mobile_no": "Alternate Mobile Number",
  "clear_filters": "Clear All",
  "enter_country": "Enter Country",
  "enter_pincode": "Enter PinCode",
  "mobile_number": "Mobile Number",
  "order_summary": "Order Summary",
  "prefered_time": "Prefered Delivery Time",
  "referral_code": "Referral Code (optional)",
  "share_product": "Share Product",
  "you_will_save": "You Will Save",
  "your_wishlist": "Your Wishlist",
  "delete_account": "Delete Account",
  "enter_landmark": "Enter Landmark",
  "login_continue": "Login To Continue",
  "logout_message": "Are you sure?\nYou want to logout?",
  "manage_address": "Manage Address",
  "no_transaction": "No Transaction Found",
  "not_applicable": "This Coupon is Not Applicable",
  "on_this_coupon": "On This Coupon",
  "page_not_found": "Page Not Found",
  "payment_method": "Payment Method",
  "privacy_policy": "Privacy & Policy",
  "products_found": "Products Found",
  "update_profile": "Update Profile",
  "add_new_address": "Add New Address",
  "address_details": "Address Details",
  "billing_details": "Billing details",
  "category_footer": "Categories",
  "contact_details": "Contact Details",
  "delivery_charge": "Delivery Charge",
  "enter_user_name": "Enter User Name",
  "related_product": "Related Products",
  "select_location": "Set Delivery Location",
  "shipping_policy": "Shipping Policy",
  "adress_type_home": "Home",
  "all_notification": "All Notifications",
  "cash_on_delivery": "Cash On Delivery",
  "confirm_location": "Confirm Location",
  "otp_send_message": "We have sent a verification code to",
  "product_category": "Product Category",
  "product_variants": "Product Variants",
  "terms_of_service": "Terms of Service",
  "agreement_message": "I Agree to the",
  "agreement_updated_message": "By continuing you agree to eGrocer",
  "enter_valid_email": "Enter Valid Email Address",
  "tell_us_about_you": "Tell us a little about you",
  "address_type_other": "Other",
  "downloadAppsFooter": "Download Apps",
  "login_enter_number": "Enter phone number to continue and we will send a verification code to this number.",
  "product_desc_title": "Product Description",
  "unable_to_checkout": "Unable to checkout",
  "verify_and_proceed": "Verify and Proceed",
  "AppUnderMaintenance": "Under Maintenance",
  "address_type_office": "Office",
  "cancellation_policy": "Cancellation Policy",
  "delete_user_message": "Are you sure?\nYou want to delete account?\nYou will not undone once delete account!",
  "proceed_to_checkout": "Proceed to Checkout",
  "login_to_checkout": "Login to Checkout",
  "transaction_history": "Transaction History",
  "wallet_history": "Wallet History",
  "wallet_transactions": "Wallet Transactions",
  "AppUpdateDescription": "We added lots of new feature and fix some bugs to make your experience as smooth as possible.",
  "VoiceToSearchProduct": "Search by voice",
  "discount_high_to_low": "Discount - High to Low",
  "out_of_stock_message": "Oops, limited stock available!",
  "product_in_your_cart": "product(s) in your cart",
  "terms_and_conditions": "Terms & Conditions",
  "FileSavedSuccessfully": "File saved successfully!",
  "product_in_your_saved": "product(s) in your Wishlist",
  "PaymentCancelledByUser": "Payment cancelled by user.",
  "enter_wishlist_message": "Your wishlist is Empty",
  "set_as_default_address": "Set as a default address",
  "FilterTypesListPackSize": "Pack Size",
  "empty_cart_list_message": "Your Cart Is Empty",
  "enter_verification_code": "Enter Verification Code",
  "preferred_delivery_time": "Preferred Delivery Time",
  "use_my_current_location": "Use my current location",
  "order_placed_description": "Your Order has been successfully placed.",
  "profile_info_description": "This is an initial information of you, don't worry you can change it anytime.",
  "select_delivery_location": "Select Your Delivery Location",
  "enter_wishlist_description": "Explore more and shortlist some items.",
  "OopsOrderItemUnableToCancel": "Oops!Order item unable to cancel!",
  "empty_cart_list_button_name": "Shop Now",
  "empty_cart_list_description": "Looking like you haven't added anything to your cart yet!",
  "recharge_and_exchange_policy": "Returns & Exchanges Policy",
  "enter_text_to_search_products": "Enter text to search the products!",
  "OrderItemCancelledSuccessfully": "Order item cancelled successfully!",
  "empty_notification_list_message": "No Notification",
  "required_login_message_for_cart": "Oops! You need to login first to add items into cart!",
  "order_status_display_name_shipped": "Shipped",
  "order_status_display_name_recieved": "Received",
  "empty_notification_list_description": "You have no notification right now come back later.",
  "order_status_display_name_delivered": "Delivered",
  "required_login_message_for_wishlist": "Oops! You need to login first to add items into wishlist!",
  "required_login_message_for_checkout": "Oops! You need to login first to checkout!",
  "required_login_message_for_cartRedirect": "Oops! You need to login first to access the cart!",
  "required_login_message_for_notification": "Oops! You need to login first to access the Notification!",
  "required_login_message_for_profile": "Oops! You need to login first to access the Profile!",
  "myAccount": "My Account",
  "profile_updated_successfully": "Profile updated successfully",
  "register_successfully": "Register successfully",
  "order_status_display_name_out_for_delivery": "Out for Delivery",
  "active_orders": "Active Orders",
  "previous_orders": "Previous Orders",
  "license_no": "License No",
  "items": "Items",
  "your_order_has_been": "Your order has been",
  "successfully": "Successfully",
  "delivery_information": "Delivery Information",
  "delivery_to": "Delivery To",
  "transaction_id": "Transaction Id",
  "order_details": "Order Details",
  "view_details": "View Details",
  "recieved": "received",
  "delivered": "Delivered",
  "out_for_delivery": "Out For Delivery",
  "shipped": "Shipped",
  "processed": "Processed",
  "returned": "Returned",
  "please_enter_valid_phone_number": "Please enter valid phone number",
  "user_name": "Username",
  "email_address": "Email Address",
  "delete_address": "Delete Address ?",
  "delete_address_message": "Do you really want to delete address ?",
  "please_select_date": "Please Select Date",
  "order_placed": "Order Placed",
  "order_id": "Order Id",
  "item": "item",
  "seller_id_does_not_match": "Seller Id does not match",
  "rate": "Rate",
  "rating": "Rating",
  "rate_the_product": "Rate The Product",
  "write_a_review": "Write A Review",
  "write_review_here": "Write Review",
  "only_images_are_allowed": "Only Images with extension jpg, png and jpeg are allowed",
  "sellers": "Sellers",
  "5": "5",
  "4": "4",
  "3": "3",
  "2": "2",
  "1": "1",
  "ratings_section": "See customer reviews",
  "rating_and_reviews": "Rating & Reviews",
  "customer_reviews": "Customer Reviews",
  "view_all_reviews": "View all Reviews",
  "customer_photos": "Customer Photos",
  "all_customer_reviews": "All Customer Reviews",
  "no_ratings_available_yet": "No Rating & Reviews Yet!",
  "review_and_rating": "Review & Rating",
  "overall_rating": "Overall Rating",
  "product_review": "Product Review",
  "add_photos": "Add Photos",
  "submit_review": "Submit Review",
  "you_rated": "You Rated",
  "fileUploadError": "Only Files with extension .jpg, .png and .jpeg are allowed",
  "add_money": "Add Money",
  "add_to_wallet": "Add money to your Wallet",
  "choose_payment_method": "Choose Payment Method",
  "type_amount": "Type Amount",
  "paypal": "Paypal",
  "credit": "Credit",
  "debit": "Debit",
  "success": "Success",
  "failed": "Failed",
  "promo_code_discount": "Promo Code Discount",
  "wallet_balance_used": "Wallet Used",
  "order_paypal_pending_message": "It looks like your PayPal payment is still pending. You'll receive an update from PayPal soon to confirm it.",
  "wallet_recharge_paypal_pending_message": "It seems your PayPal payment is still pending. Once confirmed, your wallet will be credited with the same amount.",
  "all_customer_photos": "All Customer Photos",
  "return_order_item": "Return Order Item",
  "return_reason": "Return reason :",
  "write_return_reason": "Write return reason...",
  "cancel_order_item": "Cancel Order Item",
  "cancel_reason": "Cancel reason :",
  "write_cancel_reason": "Write cancel reason...",
  "request_a_return": "Request a return",
  "cancel_order": "Cancel Order",
  "please_type_return_reason": "Please type a return reason.",
  "product_rating_is_required": "Product Rating is Required.",
  "vegetarian": "Vegetarian",
  "non-vegetarian": "Non-Vegetarian",
  "non-cancelable": "Non-Cancelable",
  "cancelable": "Product is cancellable till ",
  "non-returnable": "Non-Returnable",
  "returnable": "Product is returnable in ",
  "days": "days",
  "midtrans": "Midtrans",
  "wallet_recharge_successfull": "Wallet Recharge Successfull",
  "timeslots_not_enabled": "Please enable timeslots from admin panel to get the delivery",
  "no_products_found": "No product(s) found in cart",
  "limited_product_stock_error": "Oops, Limited Stock Available",
  "max_cart_limit_error": "Apologies, maximum cart quantity limit reached",
  "phonepe": "PhonePe",
  "please_select_payment_method": "Please select a payment method.",
  "something_went_wrong_select_address": "Oops, something went wrong! Please select the address again.",
  "please_select_address":"Please select address",
  "no_internet_connection": "Oops, no internet connection available.",
  "light": "Light",
  "dark": "Dark",
  "paymentPending": "Payment Pending",
  "outForDelivery": "Out for delivery",
  "enable_payment_methods": "Please enable payment methods from admin panel",
  "order_note": "Order note (Optional)",
  "order_note_hint": "Please pack the parcel carefully.",
  "hint": "Hint :",
  "order_note_title": "Order note",
  "login_to_access_checkout_page": "Please login to access checkout.",
  "guest_products_added_to_cart": "Guest Products Added Successfully",
  "under_maintenance": "Under Maintenance",
  "no_items_found_in_cart": "No Items Found in Cart",
  "estimate_delivery_date": "Estimate Delivery Date",
  "otp_verify": "OTP Verify",
  "return_requested": "Return Requested",
  "return_rejected": "Return Rejected"
}